blockNumber,from,to,value,hash,gas,gasPrice,input,status,timestamp
123458,0x8362F6588682a8DDf898026B792B804AE7719895,0xabcdefabcdefabcdefabcdefabcdefabcdef00,0.139,0xabcdefabcdefabcdefabcdefabcdefabcdefabcdefabcdefabcdefabcdefabcdef00,21000,60,0x,normal,
123459,0x8362F6588682a8DDf898026B792B804AE7719895,0xabcdefabcdefabcdefabcdefabcdefabcdef01,0.14,0xabcdefabcdefabcdefabcdefabcdefabcdefabcdefabcdefabcdefabcdefabcdef01,21100,61,0x,normal,
123460,0x8362F6588682a8DDf898026B792B804AE7719895,0xabcdefabcdefabcdefabcdefabcdefabcdef02,0.141,0xabcdefabcdefabcdefabcdefabcdefabcdefabcdefabcdefabcdefabcdefabcdef02,21200,62,0x,normal,
123461,0x8362F6588682a8DDf898026B792B804AE7719895,0xabcdefabcdefabcdefabcdefabcdefabcdef03,0.142,0xabcdefabcdefabcdefabcdefabcdefabcdefabcdefabcdefabcdefabcdefabcdef03,21300,63,0x,normal,
123462,0x8362F6588682a8DDf898026B792B804AE7719895,0xabcdefabcdefabcdefabcdefabcdefabcdef04,0.7,0xabcdefabcdefabcdefabcdefabcdefabcdefabcdefabcdefabcdefabcdefabcdef04,21400,64,0x,suspected,
123463,0x8362F6588682a8DDf898026B792B804AE7719895,0xabcdefabcdefabcdefabcdefabcdefabcdef05,0.144,0xabcdefabcdefabcdefabcdefabcdefabcdefabcdefabcdefabcdefabcdefabcdef05,21500,65,0x,normal,
123464,0x8362F6588682a8DDf898026B792B804AE7719895,0xabcdefabcdefabcdefabcdefabcdefabcdef06,0.145,0xabcdefabcdefabcdefabcdefabcdefabcdefabcdefabcdefabcdefabcdefabcdef06,21600,66,0x,normal,
123465,0x8362F6588682a8DDf898026B792B804AE7719895,0xabcdefabcdefabcdefabcdefabcdefabcdef07,0.146,0xabcdefabcdefabcdefabcdefabcdefabcdefabcdefabcdefabcdefabcdefabcdef07,21700,67,0x,normal,
123466,0x8362F6588682a8DDf898026B792B804AE7719895,0xabcdefabcdefabcdefabcdefabcdefabcdef08,0.147,0xabcdefabcdefabcdefabcdefabcdefabcdefabcdefabcdefabcdefabcdefabcdef08,21800,68,0x,normal,
123467,0x8362F6588682a8DDf898026B792B804AE7719895,0xabcdefabcdefabcdefabcdefabcdefabcdef09,0.148,0xabcdefabcdefabcdefabcdefabcdefabcdefabcdefabcdefabcdefabcdefabcdef09,21900,69,0x,normal,
6685948,0x8362F6588682a8DDf898026B792B804AE7719895,0xb3977A35243424778BF68285594528e433c4d1AF,0.001,124254a6838556b870645ab4c9c8d5f26addc84f76855e9d00c7f555131632d1,21000,1.535389389,,,2024-09-13 20:47:00
